,,Model,Accuracy,Confusion Matrix,Start,End,Duration,Exposure Time [%],Equity Final [$],Equity Peak [$],Return [%],Buy & Hold Return [%],Return (Ann.) [%],Volatility (Ann.) [%],CAGR [%],Sharpe Ratio,Sortino Ratio,Calmar Ratio,Alpha [%],Beta,Max. Drawdown [%],Avg. Drawdown [%],Max. Drawdown Duration,Avg. Drawdown Duration,# Trades,Win Rate [%],Best Trade [%],Worst Trade [%],Avg. Trade [%],Max. Trade Duration,Avg. Trade Duration,Profit Factor,Expectancy [%],SQN,Kelly Criterion,_strategy,_equity_curve,_trades
normal,0,Logistic Regression,0.7722419928825622,"[[110  21]
 [ 43 107]]",2024-01-16 00:00:00,2025-02-27 00:00:00,408 days 00:00:00,48.754448398576514,13076.753280639647,17962.33103942871,30.767532806396463,55.639369224386705,27.19698158633861,80.95724756855117,18.020062175976403,0.3359425178494286,0.7587386034699455,0.734407551359739,2.588722072442849,0.5064545325866645,-37.032546214951104,-12.21228122672254,231 days 00:00:00,37 days 00:00:00,9,33.33333333333333,49.80745936857958,-11.433061644549126,3.0161410444288217,53 days 00:00:00,21 days 00:00:00,2.059704480987313,4.398982470564337,0.4822581471761048,0.12294594456553726,MyStrategy,"                  Equity  DrawdownPct DrawdownDuration
Date                                                  
2024-01-16  10000.000000      0.00000              NaT
2024-01-17  10000.000000      0.00000              NaT
2024-01-18  10000.000000      0.00000              NaT
2024-01-19  10000.000000      0.00000              NaT
2024-01-22  10000.000000      0.00000              NaT
...                  ...          ...              ...
2025-02-21  13076.753281      0.27199              NaT
2025-02-24  13076.753281      0.27199              NaT
2025-02-25  13076.753281      0.27199              NaT
2025-02-26  13076.753281      0.27199              NaT
2025-02-27  13076.753281      0.27199          83 days

[281 rows x 3 columns]","   Size  EntryBar  ExitBar  EntryPrice   ExitPrice  ...   ExitTime Duration   Tag  Entry_get_signal Exit_get_signal
0    59        22       57  168.789993  252.860001  ... 2024-04-08  53 days  None                 1               1
1    59        58       59  253.229996  238.240005  ... 2024-04-10   1 days  None                 0               1
2    56        60       62  250.990005  247.940002  ... 2024-04-15   4 days  None                 1               0
3    59        92      110  235.449997  217.220001  ... 2024-06-24  27 days  None                 1               0
4    52       126      137  245.899994  226.600006  ... 2024-08-01  15 days  None                 1               0
5    58       190      205  203.529999  221.479996  ... 2024-11-06  21 days  None                 1               1
6    52       206      235  245.630005  290.640015  ... 2024-12-19  42 days  None                 1               0
7    50       254      270  298.519989  264.390015  ... 2025-02-12  22 days  None                 1               0
8    46       272      273  288.019989  278.799988  ... 2025-02-18   4 days  None                 0               0

[9 rows x 15 columns]"
normal,1,Random Forest,0.800711743772242,"[[109  22]
 [ 34 116]]",2024-01-16 00:00:00,2025-02-27 00:00:00,408 days 00:00:00,52.313167259786475,13596.863204956051,20175.039428710938,35.96863204956051,55.639369224386705,31.724776867131,89.78349363932054,20.897699792529266,0.3533475428632372,0.8374442423619517,0.7284737378967722,4.521374222596027,0.5651979572259631,-43.54965075161918,-14.323869385891433,339 days 00:00:00,74 days 00:00:00,9,33.33333333333333,60.44511472318237,-13.330622038606544,3.478310122731809,64 days 00:00:00,22 days 00:00:00,1.9830441231888076,5.6045752170636325,0.43929497323120875,0.10708831891028181,MyStrategy,"                  Equity  DrawdownPct DrawdownDuration
Date                                                  
2024-01-16  10000.000000     0.000000              NaT
2024-01-17  10000.000000     0.000000              NaT
2024-01-18  10000.000000     0.000000              NaT
2024-01-19  10000.000000     0.000000              NaT
2024-01-22  10000.000000     0.000000              NaT
...                  ...          ...              ...
2025-02-21  13596.863205     0.326055              NaT
2025-02-24  13596.863205     0.326055              NaT
2025-02-25  13596.863205     0.326055              NaT
2025-02-26  13596.863205     0.326055              NaT
2025-02-27  13596.863205     0.326055         339 days

[281 rows x 3 columns]","   Size  EntryBar  ExitBar  EntryPrice   ExitPrice  ...   ExitTime Duration   Tag  Entry_get_signal Exit_get_signal
0    72        20       64  138.389999  222.039993  ... 2024-04-17  64 days  None                 1               0
1    68        92      111  235.449997  217.000000  ... 2024-06-25  28 days  None                 1               0
2    60       126      138  245.899994  213.119995  ... 2024-08-02  16 days  None                 1               0
3    69       178      179  184.190002  178.720001  ... 2024-10-01   1 days  None                 0               0
4    63       189      202  195.679993  180.000000  ... 2024-11-01  17 days  None                 1               1
5    63       203      205  180.089996  221.479996  ... 2024-11-06   2 days  None                 1               1
6    57       206      235  245.630005  290.640015  ... 2024-12-19  42 days  None                 1               0
7    55       254      270  298.519989  264.390015  ... 2025-02-12  22 days  None                 1               0
8    51       272      274  288.019989  265.760010  ... 2025-02-19   5 days  None                 1               0

[9 rows x 15 columns]"
normal,2,XGBoost,0.8078291814946619,"[[112  19]
 [ 35 115]]",2024-01-16 00:00:00,2025-02-27 00:00:00,408 days 00:00:00,50.177935943060504,11994.340911865233,18312.199325561523,19.943409118652326,55.639369224386705,17.713371933649125,74.84760611415882,11.886975450980607,0.2366591645781215,0.4773912945554591,0.43959838701724746,-7.497149313960417,0.4931860086685807,-40.29444251112356,-13.634340175548493,339 days 00:00:00,74 days 00:00:00,7,28.57142857142857,47.4214576379419,-13.330622038606544,2.6622503123583163,65 days 00:00:00,28 days 00:00:00,1.8493135737889703,4.313474996148243,0.33275605052213003,0.0855516530955727,MyStrategy,"                  Equity  DrawdownPct DrawdownDuration
Date                                                  
2024-01-16  10000.000000     0.000000              NaT
2024-01-17  10000.000000     0.000000              NaT
2024-01-18  10000.000000     0.000000              NaT
2024-01-19  10000.000000     0.000000              NaT
2024-01-22  10000.000000     0.000000              NaT
...                  ...          ...              ...
2025-02-21  11994.340912     0.345008              NaT
2025-02-24  11994.340912     0.345008              NaT
2025-02-25  11994.340912     0.345008              NaT
2025-02-26  11994.340912     0.345008              NaT
2025-02-27  11994.340912     0.345008         339 days

[281 rows x 3 columns]","   Size  EntryBar  ExitBar  EntryPrice   ExitPrice  ...   ExitTime Duration   Tag  Entry_get_signal Exit_get_signal
0    65        21       66  151.830002  223.830002  ... 2024-04-19  65 days  None                 1               0
1    62        92      112  235.449997  220.000000  ... 2024-06-26  29 days  None                 1               0
2    55       126      138  245.899994  213.119995  ... 2024-08-02  16 days  None                 1               0
3    60       189      202  195.679993  180.000000  ... 2024-11-01  17 days  None                 1               0
4    44       206      235  245.630005  290.640015  ... 2024-12-19  42 days  None                 1               0
5    44       255      269  290.459991  277.549988  ... 2025-02-11  20 days  None                 1               0
6    43       272      273  288.019989  278.799988  ... 2025-02-18   4 days  None                 0               0

[7 rows x 15 columns]"
normal,3,SVM,0.7793594306049823,"[[111  20]
 [ 42 108]]",2024-01-16 00:00:00,2025-02-27 00:00:00,408 days 00:00:00,48.754448398576514,10012.962539672853,16544.279891967773,0.12962539672853382,55.639369224386705,0.1162399148100679,61.415320642976376,0.0800429162700178,0.0018926859551186177,0.0032362753061371116,0.0028752562914907045,-25.283417950226422,0.4567457126350101,-40.427670797236026,-11.718717463750874,339 days 00:00:00,62 days 00:00:00,9,22.22222222222222,49.80745936857958,-11.433061644549126,0.028299899517514326,53 days 00:00:00,21 days 00:00:00,1.2594202763331406,1.330961306273325,0.002183963100527615,0.0004931096558081216,MyStrategy,"                 Equity  DrawdownPct DrawdownDuration
Date                                                 
2024-01-16  10000.00000     0.000000              NaT
2024-01-17  10000.00000     0.000000              NaT
2024-01-18  10000.00000     0.000000              NaT
2024-01-19  10000.00000     0.000000              NaT
2024-01-22  10000.00000     0.000000              NaT
...                 ...          ...              ...
2025-02-21  10012.96254     0.394778              NaT
2025-02-24  10012.96254     0.394778              NaT
2025-02-25  10012.96254     0.394778              NaT
2025-02-26  10012.96254     0.394778              NaT
2025-02-27  10012.96254     0.394778         339 days

[281 rows x 3 columns]","   Size  EntryBar  ExitBar  EntryPrice   ExitPrice  ...   ExitTime Duration   Tag  Entry_get_signal Exit_get_signal
0    59        22       57  168.789993  252.860001  ... 2024-04-08  53 days  None                 1               1
1    59        58       59  253.229996  238.240005  ... 2024-04-10   1 days  None                 0               1
2    56        60       62  250.990005  247.940002  ... 2024-04-15   4 days  None                 1               0
3    59        92      110  235.449997  217.220001  ... 2024-06-24  27 days  None                 1               0
4    52       126      137  245.899994  226.600006  ... 2024-08-01  15 days  None                 1               0
5    58       190      204  203.529999  185.589996  ... 2024-11-05  20 days  None                 1               0
6    43       206      236  245.630005  266.130005  ... 2024-12-20  43 days  None                 1               0
7    39       254      270  298.519989  264.390015  ... 2025-02-12  22 days  None                 1               0
8    35       272      273  288.019989  278.799988  ... 2025-02-18   4 days  None                 0               0

[9 rows x 15 columns]"
normal,4,Naive Bayes,0.8042704626334519,"[[114  17]
 [ 38 112]]",2024-01-16 00:00:00,2025-02-27 00:00:00,408 days 00:00:00,49.46619217081851,14214.969009399421,19702.698974609375,42.14969009399422,55.639369224386705,37.08252763264339,91.15041272540705,24.26335257058243,0.40682786313162894,0.9878889853083499,1.0919205167546877,13.273020309411901,0.5189970732437004,-33.9608305399892,-11.085491817352972,339 days 00:00:00,62 days 00:00:00,10,30.0,75.71934210938961,-10.946636665300847,3.5903149133811985,63 days 00:00:00,19 days 00:00:00,2.338838849746092,5.998926522602562,0.4556921393935277,0.11223497391457365,MyStrategy,"                  Equity  DrawdownPct DrawdownDuration
Date                                                  
2024-01-16  10000.000000     0.000000              NaT
2024-01-17  10000.000000     0.000000              NaT
2024-01-18  10000.000000     0.000000              NaT
2024-01-19  10000.000000     0.000000              NaT
2024-01-22  10000.000000     0.000000              NaT
...                  ...          ...              ...
2025-02-21  14214.969009     0.278527              NaT
2025-02-24  14214.969009     0.278527              NaT
2025-02-25  14214.969009     0.278527              NaT
2025-02-26  14214.969009     0.278527              NaT
2025-02-27  14214.969009     0.278527         339 days

[281 rows x 3 columns]","   Size  EntryBar  ExitBar  EntryPrice   ExitPrice  ...   ExitTime Duration   Tag  Entry_get_signal Exit_get_signal
0    70        19       62  141.100006  247.940002  ... 2024-04-15  63 days  None                 1               0
1    74        90      109  233.809998  227.000000  ... 2024-06-21  29 days  None                 1               0
2    69       125      133  243.190002  243.339996  ... 2024-07-26  10 days  None                 1               1
3    67       134      135  251.550003  235.619995  ... 2024-07-30   1 days  None                 0               0
4    86       177      180  183.070007  163.029999  ... 2024-10-02   5 days  None                 1               0
5    72       189      202  195.679993  180.000000  ... 2024-11-01  17 days  None                 1               0
6    53       206      232  245.630005  316.899994  ... 2024-12-16  39 days  None                 1               1
7    52       233      235  319.829987  290.640015  ... 2024-12-19   2 days  None                 1               0
8    52       253      266  292.000000  279.519989  ... 2025-02-06  20 days  None                 1               0
9    50       272      273  288.019989  278.799988  ... 2025-02-18   4 days  None                 0               0

[10 rows x 15 columns]"
normal,5,Gradient Boosting,0.7864768683274022,"[[108  23]
 [ 37 113]]",2024-01-16 00:00:00,2025-02-27 00:00:00,408 days 00:00:00,51.245551601423486,14341.173477172852,20679.28971862793,43.41173477172852,55.639369224386705,38.173482474643606,102.80278228967742,24.94361658763944,0.37132732815614333,1.0143233563200942,0.8464480455320651,9.539152453772395,0.6087880360640355,-45.09843536899929,-13.964185441289395,254 days 00:00:00,47 days 00:00:00,8,25.0,72.95533857532013,-13.330622038606544,4.598544586308506,65 days 00:00:00,25 days 00:00:00,2.199359290679572,8.280959260384977,0.4137265108504958,0.08410909790220336,MyStrategy,"                  Equity  DrawdownPct DrawdownDuration
Date                                                  
2024-01-16  10000.000000     0.000000              NaT
2024-01-17  10000.000000     0.000000              NaT
2024-01-18  10000.000000     0.000000              NaT
2024-01-19  10000.000000     0.000000              NaT
2024-01-22  10000.000000     0.000000              NaT
...                  ...          ...              ...
2025-02-21  14341.173477     0.306496              NaT
2025-02-24  14341.173477     0.306496              NaT
2025-02-25  14341.173477     0.306496              NaT
2025-02-26  14341.173477     0.306496              NaT
2025-02-27  14341.173477     0.306496          83 days

[281 rows x 3 columns]","   Size  EntryBar  ExitBar  EntryPrice   ExitPrice  ...   ExitTime Duration   Tag  Entry_get_signal Exit_get_signal
0    70        19       54  141.100006  244.039993  ... 2024-04-03  51 days  None                 1               0
1    67        58       63  253.229996  223.000000  ... 2024-04-16   7 days  None                 1               0
2    64        92      111  235.449997  217.000000  ... 2024-06-25  28 days  None                 1               0
3    56       126      138  245.899994  213.119995  ... 2024-08-02  16 days  None                 1               0
4    66       178      179  184.190002  178.720001  ... 2024-10-01   1 days  None                 0               0
5    60       189      235  195.679993  290.640015  ... 2024-12-19  65 days  None                 1               0
6    58       254      270  298.519989  264.390015  ... 2025-02-12  22 days  None                 1               0
7    53       272      274  288.019989  265.760010  ... 2025-02-19   5 days  None                 1               0

[8 rows x 15 columns]"
normal,6,K-Nearest Neighbors,0.7615658362989324,"[[101  30]
 [ 37 113]]",2024-01-16 00:00:00,2025-02-27 00:00:00,408 days 00:00:00,54.44839857651246,7377.051788330078,16284.38981628418,-26.22948211669922,55.639369224386705,-23.87668367458078,51.13403175988582,-17.12983187129281,-0.4669431072187,-0.5823814523633295,-0.4310546361658424,-56.1887783633801,0.5384549944457268,-55.39131625392042,-15.409332927626169,356 days 00:00:00,75 days 00:00:00,10,30.0,32.259028599359915,-19.89146181474095,-3.0704491525100908,42 days 00:00:00,21 days 00:00:00,0.7472614605208856,-1.9680284554922525,-0.49921211371749924,-0.13776493061076,MyStrategy,"                  Equity  DrawdownPct DrawdownDuration
Date                                                  
2024-01-16  10000.000000     0.000000              NaT
2024-01-17  10000.000000     0.000000              NaT
2024-01-18  10000.000000     0.000000              NaT
2024-01-19  10000.000000     0.000000              NaT
2024-01-22  10000.000000     0.000000              NaT
...                  ...          ...              ...
2025-02-21   7264.251953     0.553913              NaT
2025-02-24   7377.051788     0.546986              NaT
2025-02-25   7377.051788     0.546986              NaT
2025-02-26   7377.051788     0.546986              NaT
2025-02-27   7377.051788     0.546986         356 days

[281 rows x 3 columns]","   Size  EntryBar  ExitBar  EntryPrice   ExitPrice  ...   ExitTime Duration   Tag  Entry_get_signal Exit_get_signal
0    70        19       21  141.100006  151.830002  ... 2024-02-14   2 days  None                 1               1
1    63        22       44  168.789993  223.240005  ... 2024-03-19  33 days  None                 1               0
2    55        47       66  254.240005  223.830002  ... 2024-04-19  28 days  None                 1               0
3    53        90      111  233.809998  217.000000  ... 2024-06-25  33 days  None                 1               0
4    47       126      137  245.899994  226.600006  ... 2024-08-01  15 days  None                 1               0
5    58       178      180  184.190002  163.029999  ... 2024-10-02   2 days  None                 1               0
6    46       190      203  203.529999  180.089996  ... 2024-11-04  19 days  None                 1               0
7    34       206      235  245.630005  290.640015  ... 2024-12-19  42 days  None                 1               0
8    34       246      247  286.739990  263.880005  ... 2025-01-08   1 days  None                 0               0
9    30       254      277  298.519989  239.139999  ... 2025-02-24  34 days  None                 1               0

[10 rows x 15 columns]"
normal,7,Decision Tree,0.7935943060498221,"[[112  19]
 [ 39 111]]",2024-01-16 00:00:00,2025-02-27 00:00:00,408 days 00:00:00,51.60142348754449,14321.892883300774,18933.249221801758,43.218928833007745,55.639369224386705,38.0068787200333,99.6855944214504,24.839839412228002,0.38126751353207516,1.031307262554774,0.81553965939869,10.897406861030042,0.5809110064067944,-46.603348202656825,-11.36966438250925,339 days 00:00:00,53 days 00:00:00,15,26.666666666666668,82.44211463147508,-13.330622038606544,2.441724471932605,32 days 00:00:00,13 days 00:00:00,1.9314889173707217,4.6516002784577335,0.4057710693803992,0.0746024419057841,MyStrategy,"                  Equity  DrawdownPct DrawdownDuration
Date                                                  
2024-01-16  10000.000000     0.000000              NaT
2024-01-17  10000.000000     0.000000              NaT
2024-01-18  10000.000000     0.000000              NaT
2024-01-19  10000.000000     0.000000              NaT
2024-01-22  10000.000000     0.000000              NaT
...                  ...          ...              ...
2025-02-21  14321.892883     0.243559              NaT
2025-02-24  14321.892883     0.243559              NaT
2025-02-25  14321.892883     0.243559              NaT
2025-02-26  14321.892883     0.243559              NaT
2025-02-27  14321.892883     0.243559         339 days

[281 rows x 3 columns]","    Size  EntryBar  ExitBar  EntryPrice   ExitPrice  ...   ExitTime Duration   Tag  Entry_get_signal Exit_get_signal
0     70        19       21  141.100006  151.830002  ... 2024-02-14   2 days  None                 1               1
1     63        22       43  168.789993  238.610001  ... 2024-03-18  32 days  None                 1               1
2     67        44       57  223.240005  252.860001  ... 2024-04-08  20 days  None                 1               1
3     67        58       59  253.229996  238.240005  ... 2024-04-10   1 days  None                 0               1
4     64        60       63  250.990005  223.000000  ... 2024-04-16   5 days  None                 1               0
5     60        92      110  235.449997  217.220001  ... 2024-06-24  27 days  None                 1               0
6     60       112      113  220.000000  217.600006  ... 2024-06-27   1 days  None                 0               0
7     53       126      138  245.899994  213.119995  ... 2024-08-02  16 days  None                 1               0
8     61       178      179  184.190002  178.720001  ... 2024-10-01   1 days  None                 0               0
9     56       189      202  195.679993  180.000000  ... 2024-11-01  17 days  None                 1               1
10    56       203      226  180.089996  328.559998  ... 2024-12-06  32 days  None                 1               1
11    54       227      228  339.910004  318.029999  ... 2024-12-10   1 days  None                 0               1
12    55       229      235  311.850006  290.640015  ... 2024-12-19   8 days  None                 1               0
13    53       254      255  298.519989  290.459991  ... 2025-01-22   1 days  None                 0               1
14    54       256      270  289.739990  264.390015  ... 2025-02-12  20 days  None                 1               0

[15 rows x 15 columns]"
normal,8,AdaBoost,0.8113879003558719,"[[114  17]
 [ 36 114]]",2024-01-16 00:00:00,2025-02-27 00:00:00,408 days 00:00:00,49.46619217081851,12582.48239135742,20175.039428710938,25.824823913574203,55.639369224386705,22.876876132945423,79.59829398466142,15.244545927454102,0.28740410111495346,0.6236743443476714,0.592129791530767,-1.9896097510116562,0.4999056253210507,-38.63490143572137,-13.34091952271187,339 days 00:00:00,74 days 00:00:00,8,25.0,61.13881131838519,-8.013079140779178,2.902129533718889,63 days 00:00:00,24 days 00:00:00,2.189990763215288,4.719548895526781,0.37320819043946124,0.09019667639141454,MyStrategy,"                  Equity  DrawdownPct DrawdownDuration
Date                                                  
2024-01-16  10000.000000     0.000000              NaT
2024-01-17  10000.000000     0.000000              NaT
2024-01-18  10000.000000     0.000000              NaT
2024-01-19  10000.000000     0.000000              NaT
2024-01-22  10000.000000     0.000000              NaT
...                  ...          ...              ...
2025-02-21  12582.482391     0.376334              NaT
2025-02-24  12582.482391     0.376334              NaT
2025-02-25  12582.482391     0.376334              NaT
2025-02-26  12582.482391     0.376334              NaT
2025-02-27  12582.482391     0.376334         339 days

[281 rows x 3 columns]","   Size  EntryBar  ExitBar  EntryPrice   ExitPrice  ...   ExitTime Duration   Tag  Entry_get_signal Exit_get_signal
0    72        20       63  138.389999  223.000000  ... 2024-04-16  63 days  None                 1               0
1    68        92      110  235.449997  217.220001  ... 2024-06-24  27 days  None                 1               0
2    60       126      136  245.899994  233.000000  ... 2024-07-31  14 days  None                 1               0
3    71       189      202  195.679993  180.000000  ... 2024-11-01  17 days  None                 1               0
4    52       206      236  245.630005  266.130005  ... 2024-12-20  43 days  None                 1               0
5    50       239      240  275.579987  274.200012  ... 2024-12-27   1 days  None                 0               0
6    46       254      269  298.519989  277.549988  ... 2025-02-11  21 days  None                 1               0
7    45       272      273  288.019989  278.799988  ... 2025-02-18   4 days  None                 0               0

[8 rows x 15 columns]"
normal,9,SGD Classifier,0.7829181494661922,"[[109  22]
 [ 39 111]]",2024-01-16 00:00:00,2025-02-27 00:00:00,408 days 00:00:00,49.8220640569395,10680.05154418945,16544.279891967773,6.800515441894495,55.639369224386705,6.077798450435257,68.7031049977758,4.147355002035935,0.08846468366505444,0.16317178218823153,0.13943842174688328,-22.518234500192932,0.526942529198139,-43.58768820166388,-12.245387031155515,339 days 00:00:00,62 days 00:00:00,7,42.857142857142854,32.11683682098996,-13.330622038606544,0.9413985646506751,61 days 00:00:00,28 days 00:00:00,1.380161083997346,1.9392271936310483,0.15010212669345094,0.057634935638761486,MyStrategy,"                  Equity  DrawdownPct DrawdownDuration
Date                                                  
2024-01-16  10000.000000     0.000000              NaT
2024-01-17  10000.000000     0.000000              NaT
2024-01-18  10000.000000     0.000000              NaT
2024-01-19  10000.000000     0.000000              NaT
2024-01-22  10000.000000     0.000000              NaT
...                  ...          ...              ...
2025-02-21  10680.051544     0.354457              NaT
2025-02-24  10680.051544     0.354457              NaT
2025-02-25  10680.051544     0.354457              NaT
2025-02-26  10680.051544     0.354457              NaT
2025-02-27  10680.051544     0.354457         339 days

[281 rows x 3 columns]","   Size  EntryBar  ExitBar  EntryPrice   ExitPrice  ...   ExitTime Duration   Tag  Entry_get_signal Exit_get_signal
0    59        22       63  168.789993  223.000000  ... 2024-04-16  61 days  None                 1               0
1    56        92      110  235.449997  217.220001  ... 2024-06-24  27 days  None                 1               0
2    49       126      138  245.899994  213.119995  ... 2024-08-02  16 days  None                 1               0
3    51       190      205  203.529999  221.479996  ... 2024-11-06  21 days  None                 1               1
4    46       206      236  245.630005  266.130005  ... 2024-12-20  43 days  None                 1               0
5    41       254      270  298.519989  264.390015  ... 2025-02-12  22 days  None                 1               0
6    38       272      273  288.019989  278.799988  ... 2025-02-18   4 days  None                 0               0

[7 rows x 15 columns]"
normal,10,MLP,0.8042704626334519,"[[113  18]
 [ 37 113]]",2024-01-16 00:00:00,2025-02-27 00:00:00,408 days 00:00:00,49.11032028469751,12955.229721069336,17423.589401245117,29.552297210693357,55.639369224386705,26.136408740029538,90.43201637110104,17.341435420958582,0.2890172063926447,0.708020840919087,0.6233960493737609,-2.2190247850166323,0.5710223253534772,-41.92584917130152,-12.804969267996524,254 days 00:00:00,47 days 00:00:00,7,42.857142857142854,31.548078747613072,-9.79658451201063,3.7617129375696834,62 days 00:00:00,27 days 00:00:00,2.2842319152976622,4.847725934471466,0.627428409064841,0.2038806488172173,MyStrategy,"                  Equity  DrawdownPct DrawdownDuration
Date                                                  
2024-01-16  10000.000000     0.000000              NaT
2024-01-17  10000.000000     0.000000              NaT
2024-01-18  10000.000000     0.000000              NaT
2024-01-19  10000.000000     0.000000              NaT
2024-01-22  10000.000000     0.000000              NaT
...                  ...          ...              ...
2025-02-21  12955.229721     0.256455              NaT
2025-02-24  12955.229721     0.256455              NaT
2025-02-25  12955.229721     0.256455              NaT
2025-02-26  12955.229721     0.256455              NaT
2025-02-27  12955.229721     0.256455          83 days

[281 rows x 3 columns]","   Size  EntryBar  ExitBar  EntryPrice   ExitPrice  ...   ExitTime Duration   Tag  Entry_get_signal Exit_get_signal
0    59        22       64  168.789993  222.039993  ... 2024-04-17  62 days  None                 1               0
1    54        93      111  239.020004  217.000000  ... 2024-06-25  27 days  None                 1               0
2    47       127      137  251.210007  226.600006  ... 2024-08-01  14 days  None                 1               0
3    58       178      179  184.190002  178.720001  ... 2024-10-01   1 days  None                 0               0
4    53       189      206  195.679993  245.630005  ... 2024-11-07  23 days  None                 1               1
5    50       207      236  257.670013  266.130005  ... 2024-12-20  42 days  None                 1               0
6    46       255      269  290.459991  277.549988  ... 2025-02-11  20 days  None                 1               0

[7 rows x 15 columns]"
normal,11,LGBMClassifier,0.797153024911032,"[[107  24]
 [ 33 117]]",2024-01-16 00:00:00,2025-02-27 00:00:00,408 days 00:00:00,53.02491103202846,14059.113754272461,20287.860061645508,40.59113754272461,55.639369224386705,35.733880003053706,102.79336020743708,23.42007030972062,0.3476282897158212,0.9277688114519616,0.7726099893206771,5.788802262202786,0.6254983793969393,-46.25086459789755,-15.684922487136483,256 days 00:00:00,53 days 00:00:00,8,25.0,58.04393363129965,-13.330622038606544,4.345460281984503,65 days 00:00:00,26 days 00:00:00,2.1848885147980273,7.22440314368008,0.44506335379617956,0.08952104696000726,MyStrategy,"                  Equity  DrawdownPct DrawdownDuration
Date                                                  
2024-01-16  10000.000000     0.000000              NaT
2024-01-17  10000.000000     0.000000              NaT
2024-01-18  10000.000000     0.000000              NaT
2024-01-19  10000.000000     0.000000              NaT
2024-01-22  10000.000000     0.000000              NaT
...                  ...          ...              ...
2025-02-21  14059.113754     0.307018              NaT
2025-02-24  14059.113754     0.307018              NaT
2025-02-25  14059.113754     0.307018              NaT
2025-02-26  14059.113754     0.307018              NaT
2025-02-27  14059.113754     0.307018          83 days

[281 rows x 3 columns]","   Size  EntryBar  ExitBar  EntryPrice   ExitPrice  ...   ExitTime Duration   Tag  Entry_get_signal Exit_get_signal
0    70        19       63  141.100006  223.000000  ... 2024-04-16  64 days  None                 1               0
1    67        90       91  233.809998  221.000000  ... 2024-05-24   1 days  None                 0               1
2    63        92      111  235.449997  217.000000  ... 2024-06-25  28 days  None                 1               0
3    55       126      138  245.899994  213.119995  ... 2024-08-02  16 days  None                 1               0
4    64       178      179  184.190002  178.720001  ... 2024-10-01   1 days  None                 0               0
5    59       189      235  195.679993  290.640015  ... 2024-12-19  65 days  None                 1               0
6    57       254      270  298.519989  264.390015  ... 2025-02-12  22 days  None                 1               0
7    52       272      274  288.019989  265.760010  ... 2025-02-19   5 days  None                 1               0

[8 rows x 15 columns]"
grid,0,Logistic Regression,0.7722419928825622,"[[110  21]
 [ 43 107]]",2024-01-16 00:00:00,2025-02-27 00:00:00,408 days 00:00:00,48.754448398576514,13076.753280639647,17962.33103942871,30.767532806396463,55.639369224386705,27.19698158633861,80.95724756855117,18.020062175976403,0.3359425178494286,0.7587386034699455,0.734407551359739,2.588722072442849,0.5064545325866645,-37.032546214951104,-12.21228122672254,231 days 00:00:00,37 days 00:00:00,9,33.33333333333333,49.80745936857958,-11.433061644549126,3.0161410444288217,53 days 00:00:00,21 days 00:00:00,2.059704480987313,4.398982470564337,0.4822581471761048,0.12294594456553726,MyStrategy,"                  Equity  DrawdownPct DrawdownDuration
Date                                                  
2024-01-16  10000.000000      0.00000              NaT
2024-01-17  10000.000000      0.00000              NaT
2024-01-18  10000.000000      0.00000              NaT
2024-01-19  10000.000000      0.00000              NaT
2024-01-22  10000.000000      0.00000              NaT
...                  ...          ...              ...
2025-02-21  13076.753281      0.27199              NaT
2025-02-24  13076.753281      0.27199              NaT
2025-02-25  13076.753281      0.27199              NaT
2025-02-26  13076.753281      0.27199              NaT
2025-02-27  13076.753281      0.27199          83 days

[281 rows x 3 columns]","   Size  EntryBar  ExitBar  EntryPrice   ExitPrice  ...   ExitTime Duration   Tag  Entry_get_signal Exit_get_signal
0    59        22       57  168.789993  252.860001  ... 2024-04-08  53 days  None                 1               1
1    59        58       59  253.229996  238.240005  ... 2024-04-10   1 days  None                 0               1
2    56        60       62  250.990005  247.940002  ... 2024-04-15   4 days  None                 1               0
3    59        92      110  235.449997  217.220001  ... 2024-06-24  27 days  None                 1               0
4    52       126      137  245.899994  226.600006  ... 2024-08-01  15 days  None                 1               0
5    58       190      205  203.529999  221.479996  ... 2024-11-06  21 days  None                 1               1
6    52       206      235  245.630005  290.640015  ... 2024-12-19  42 days  None                 1               0
7    50       254      270  298.519989  264.390015  ... 2025-02-12  22 days  None                 1               0
8    46       272      273  288.019989  278.799988  ... 2025-02-18   4 days  None                 0               0

[9 rows x 15 columns]"
grid,1,Random Forest,0.8042704626334519,"[[110  21]
 [ 34 116]]",2024-01-16 00:00:00,2025-02-27 00:00:00,408 days 00:00:00,51.95729537366548,11494.552825927734,20175.039428710938,14.945528259277344,55.639369224386705,13.305013165365388,74.44214104089026,8.984003011967134,0.17872958756058732,0.3534258720161849,0.3055136593689148,-13.608410782449118,0.5131966706267275,-43.54965075161918,-14.323869385891433,339 days 00:00:00,74 days 00:00:00,9,22.22222222222222,60.44511472318237,-13.330622038606544,1.5863414331708903,64 days 00:00:00,22 days 00:00:00,1.646763872764526,3.4373962620595027,0.2023662091566904,0.040810006230942525,MyStrategy,"                  Equity  DrawdownPct DrawdownDuration
Date                                                  
2024-01-16  10000.000000     0.000000              NaT
2024-01-17  10000.000000     0.000000              NaT
2024-01-18  10000.000000     0.000000              NaT
2024-01-19  10000.000000     0.000000              NaT
2024-01-22  10000.000000     0.000000              NaT
...                  ...          ...              ...
2025-02-21  11494.552826     0.430259              NaT
2025-02-24  11494.552826     0.430259              NaT
2025-02-25  11494.552826     0.430259              NaT
2025-02-26  11494.552826     0.430259              NaT
2025-02-27  11494.552826     0.430259         339 days

[281 rows x 3 columns]","   Size  EntryBar  ExitBar  EntryPrice   ExitPrice  ...   ExitTime Duration   Tag  Entry_get_signal Exit_get_signal
0    72        20       64  138.389999  222.039993  ... 2024-04-17  64 days  None                 1               0
1    68        92      111  235.449997  217.000000  ... 2024-06-25  28 days  None                 1               0
2    60       126      138  245.899994  213.119995  ... 2024-08-02  16 days  None                 1               0
3    69       178      179  184.190002  178.720001  ... 2024-10-01   1 days  None                 0               0
4    63       189      204  195.679993  185.589996  ... 2024-11-05  21 days  None                 1               0
5    47       206      235  245.630005  290.640015  ... 2024-12-19  42 days  None                 1               0
6    46       254      268  298.519989  280.399994  ... 2025-02-10  20 days  None                 1               1
7    47       269      270  277.549988  264.390015  ... 2025-02-12   1 days  None                 0               0
8    43       272      274  288.019989  265.760010  ... 2025-02-19   5 days  None                 1               0

[9 rows x 15 columns]"
grid,2,XGBoost,0.8078291814946619,"[[112  19]
 [ 35 115]]",2024-01-16 00:00:00,2025-02-27 00:00:00,408 days 00:00:00,50.177935943060504,11994.340911865233,18312.199325561523,19.943409118652326,55.639369224386705,17.713371933649125,74.84760611415882,11.886975450980607,0.2366591645781215,0.4773912945554591,0.43959838701724746,-7.497149313960417,0.4931860086685807,-40.29444251112356,-13.634340175548493,339 days 00:00:00,74 days 00:00:00,7,28.57142857142857,47.4214576379419,-13.330622038606544,2.6622503123583163,65 days 00:00:00,28 days 00:00:00,1.8493135737889703,4.313474996148243,0.33275605052213003,0.0855516530955727,MyStrategy,"                  Equity  DrawdownPct DrawdownDuration
Date                                                  
2024-01-16  10000.000000     0.000000              NaT
2024-01-17  10000.000000     0.000000              NaT
2024-01-18  10000.000000     0.000000              NaT
2024-01-19  10000.000000     0.000000              NaT
2024-01-22  10000.000000     0.000000              NaT
...                  ...          ...              ...
2025-02-21  11994.340912     0.345008              NaT
2025-02-24  11994.340912     0.345008              NaT
2025-02-25  11994.340912     0.345008              NaT
2025-02-26  11994.340912     0.345008              NaT
2025-02-27  11994.340912     0.345008         339 days

[281 rows x 3 columns]","   Size  EntryBar  ExitBar  EntryPrice   ExitPrice  ...   ExitTime Duration   Tag  Entry_get_signal Exit_get_signal
0    65        21       66  151.830002  223.830002  ... 2024-04-19  65 days  None                 1               0
1    62        92      112  235.449997  220.000000  ... 2024-06-26  29 days  None                 1               0
2    55       126      138  245.899994  213.119995  ... 2024-08-02  16 days  None                 1               0
3    60       189      202  195.679993  180.000000  ... 2024-11-01  17 days  None                 1               0
4    44       206      235  245.630005  290.640015  ... 2024-12-19  42 days  None                 1               0
5    44       255      269  290.459991  277.549988  ... 2025-02-11  20 days  None                 1               0
6    43       272      273  288.019989  278.799988  ... 2025-02-18   4 days  None                 0               0

[7 rows x 15 columns]"
grid,3,SVM,0.7722419928825622,"[[109  22]
 [ 42 108]]",2024-01-16 00:00:00,2025-02-27 00:00:00,408 days 00:00:00,49.46619217081851,11262.202041625977,16895.600509643555,12.622020416259765,55.639369224386705,11.24887841778397,71.06832570439775,7.61801770612176,0.158282586599446,0.30998928491263605,0.276504848303617,-15.826869852068118,0.5113086410738594,-40.682391237610794,-14.996060018673177,256 days 00:00:00,53 days 00:00:00,9,33.33333333333333,49.80745936857958,-13.330622038606544,1.3198336105897157,53 days 00:00:00,22 days 00:00:00,1.5632418983131673,2.681167534449511,0.20548685885071474,0.06067756635185956,MyStrategy,"                  Equity  DrawdownPct DrawdownDuration
Date                                                  
2024-01-16  10000.000000     0.000000              NaT
2024-01-17  10000.000000     0.000000              NaT
2024-01-18  10000.000000     0.000000              NaT
2024-01-19  10000.000000     0.000000              NaT
2024-01-22  10000.000000     0.000000              NaT
...                  ...          ...              ...
2025-02-21  11262.202042     0.333424              NaT
2025-02-24  11262.202042     0.333424              NaT
2025-02-25  11262.202042     0.333424              NaT
2025-02-26  11262.202042     0.333424              NaT
2025-02-27  11262.202042     0.333424          83 days

[281 rows x 3 columns]","   Size  EntryBar  ExitBar  EntryPrice   ExitPrice  ...   ExitTime Duration   Tag  Entry_get_signal Exit_get_signal
0    59        22       57  168.789993  252.860001  ... 2024-04-08  53 days  None                 1               1
1    59        58       59  253.229996  238.240005  ... 2024-04-10   1 days  None                 0               1
2    56        60       62  250.990005  247.940002  ... 2024-04-15   4 days  None                 1               0
3    59        92      110  235.449997  217.220001  ... 2024-06-24  27 days  None                 1               0
4    52       126      138  245.899994  213.119995  ... 2024-08-02  16 days  None                 1               0
5    54       190      205  203.529999  221.479996  ... 2024-11-06  21 days  None                 1               1
6    49       206      236  245.630005  266.130005  ... 2024-12-20  43 days  None                 1               0
7    43       254      270  298.519989  264.390015  ... 2025-02-12  22 days  None                 1               0
8    40       272      273  288.019989  278.799988  ... 2025-02-18   4 days  None                 0               0

[9 rows x 15 columns]"
grid,4,Naive Bayes,0.8042704626334519,"[[114  17]
 [ 38 112]]",2024-01-16 00:00:00,2025-02-27 00:00:00,408 days 00:00:00,49.46619217081851,14214.969009399421,19702.698974609375,42.14969009399422,55.639369224386705,37.08252763264339,91.15041272540705,24.26335257058243,0.40682786313162894,0.9878889853083499,1.0919205167546877,13.273020309411901,0.5189970732437004,-33.9608305399892,-11.085491817352972,339 days 00:00:00,62 days 00:00:00,10,30.0,75.71934210938961,-10.946636665300847,3.5903149133811985,63 days 00:00:00,19 days 00:00:00,2.338838849746092,5.998926522602562,0.4556921393935277,0.11223497391457365,MyStrategy,"                  Equity  DrawdownPct DrawdownDuration
Date                                                  
2024-01-16  10000.000000     0.000000              NaT
2024-01-17  10000.000000     0.000000              NaT
2024-01-18  10000.000000     0.000000              NaT
2024-01-19  10000.000000     0.000000              NaT
2024-01-22  10000.000000     0.000000              NaT
...                  ...          ...              ...
2025-02-21  14214.969009     0.278527              NaT
2025-02-24  14214.969009     0.278527              NaT
2025-02-25  14214.969009     0.278527              NaT
2025-02-26  14214.969009     0.278527              NaT
2025-02-27  14214.969009     0.278527         339 days

[281 rows x 3 columns]","   Size  EntryBar  ExitBar  EntryPrice   ExitPrice  ...   ExitTime Duration   Tag  Entry_get_signal Exit_get_signal
0    70        19       62  141.100006  247.940002  ... 2024-04-15  63 days  None                 1               0
1    74        90      109  233.809998  227.000000  ... 2024-06-21  29 days  None                 1               0
2    69       125      133  243.190002  243.339996  ... 2024-07-26  10 days  None                 1               1
3    67       134      135  251.550003  235.619995  ... 2024-07-30   1 days  None                 0               0
4    86       177      180  183.070007  163.029999  ... 2024-10-02   5 days  None                 1               0
5    72       189      202  195.679993  180.000000  ... 2024-11-01  17 days  None                 1               0
6    53       206      232  245.630005  316.899994  ... 2024-12-16  39 days  None                 1               1
7    52       233      235  319.829987  290.640015  ... 2024-12-19   2 days  None                 1               0
8    52       253      266  292.000000  279.519989  ... 2025-02-06  20 days  None                 1               0
9    50       272      273  288.019989  278.799988  ... 2025-02-18   4 days  None                 0               0

[10 rows x 15 columns]"
grid,5,Gradient Boosting,0.7793594306049823,"[[107  24]
 [ 38 112]]",2024-01-16 00:00:00,2025-02-27 00:00:00,408 days 00:00:00,51.60142348754449,14402.523345947266,20797.029541015625,44.02523345947266,55.639369224386705,38.703453522542695,103.32082308703477,25.273475918453304,0.3745949012614806,1.0283606629469335,0.8697238539968513,9.953139060190608,0.6123738438132449,-44.5008531669902,-13.442167192580094,238 days 00:00:00,41 days 00:00:00,9,22.22222222222222,72.95533857532013,-13.330622038606544,4.20694060288862,65 days 00:00:00,22 days 00:00:00,2.235480471363409,7.460020293330374,0.4244315386374752,0.07582020935493716,MyStrategy,"                  Equity  DrawdownPct DrawdownDuration
Date                                                  
2024-01-16  10000.000000     0.000000              NaT
2024-01-17  10000.000000     0.000000              NaT
2024-01-18  10000.000000     0.000000              NaT
2024-01-19  10000.000000     0.000000              NaT
2024-01-22  10000.000000     0.000000              NaT
...                  ...          ...              ...
2025-02-21  14402.523346     0.307472              NaT
2025-02-24  14402.523346     0.307472              NaT
2025-02-25  14402.523346     0.307472              NaT
2025-02-26  14402.523346     0.307472              NaT
2025-02-27  14402.523346     0.307472          83 days

[281 rows x 3 columns]","   Size  EntryBar  ExitBar  EntryPrice   ExitPrice  ...   ExitTime Duration   Tag  Entry_get_signal Exit_get_signal
0    70        19       54  141.100006  244.039993  ... 2024-04-03  51 days  None                 1               0
1    67        58       59  253.229996  238.240005  ... 2024-04-10   1 days  None                 0               1
2    64        60       63  250.990005  223.000000  ... 2024-04-16   5 days  None                 1               0
3    65        91      111  221.000000  217.000000  ... 2024-06-25  32 days  None                 1               0
4    57       126      138  245.899994  213.119995  ... 2024-08-02  16 days  None                 1               0
5    66       178      179  184.190002  178.720001  ... 2024-10-01   1 days  None                 0               0
6    60       189      235  195.679993  290.640015  ... 2024-12-19  65 days  None                 1               0
7    59       254      270  298.519989  264.390015  ... 2025-02-12  22 days  None                 1               0
8    54       272      274  288.019989  265.760010  ... 2025-02-19   5 days  None                 1               0

[9 rows x 15 columns]"
grid,6,K-Nearest Neighbors,0.7793594306049823,"[[104  27]
 [ 35 115]]",2024-01-16 00:00:00,2025-02-27 00:00:00,408 days 00:00:00,53.02491103202846,10434.16972351074,19702.698974609375,4.341697235107404,55.639369224386705,3.885034714271507,69.7186326933624,2.6598122417883285,0.05572448231104486,0.10022712248036253,0.08117070296142422,-25.63473767711514,0.5387630257153219,-47.86252394682157,-13.4024407184917,339 days 00:00:00,62 days 00:00:00,7,28.57142857142857,57.36356036954169,-19.89146181474095,0.6089103401632601,65 days 00:00:00,30 days 00:00:00,1.4707691335713566,2.773150957258216,0.06211095580841804,0.020430001769019435,MyStrategy,"                  Equity  DrawdownPct DrawdownDuration
Date                                                  
2024-01-16  10000.000000     0.000000              NaT
2024-01-17  10000.000000     0.000000              NaT
2024-01-18  10000.000000     0.000000              NaT
2024-01-19  10000.000000     0.000000              NaT
2024-01-22  10000.000000     0.000000              NaT
...                  ...          ...              ...
2025-02-21  10272.489960     0.478625              NaT
2025-02-24  10434.169724     0.470419              NaT
2025-02-25  10434.169724     0.470419              NaT
2025-02-26  10434.169724     0.470419              NaT
2025-02-27  10434.169724     0.470419         339 days

[281 rows x 3 columns]","   Size  EntryBar  ExitBar  EntryPrice   ExitPrice  ...   ExitTime Duration   Tag  Entry_get_signal Exit_get_signal
0    70        19       64  141.100006  222.039993  ... 2024-04-17  65 days  None                 1               0
1    70        91      110  221.000000  217.220001  ... 2024-06-24  31 days  None                 1               0
2    62       126      137  245.899994  226.600006  ... 2024-08-01  15 days  None                 1               0
3    77       178      179  184.190002  178.720001  ... 2024-10-01   1 days  None                 0               0
4    67       190      204  203.529999  185.589996  ... 2024-11-05  20 days  None                 1               0
5    48       207      236  257.670013  266.130005  ... 2024-12-20  42 days  None                 1               0
6    43       254      277  298.519989  239.139999  ... 2025-02-24  34 days  None                 1               0

[7 rows x 15 columns]"
grid,7,Decision Tree,0.7935943060498221,"[[106  25]
 [ 33 117]]",2024-01-16 00:00:00,2025-02-27 00:00:00,408 days 00:00:00,53.380782918149464,12884.293502807615,18588.450119018555,28.842935028076155,55.639369224386705,25.51685278805187,93.59194062597382,16.94417965241548,0.2726394240506899,0.661894661874854,0.6158220373802228,-5.411382187604389,0.6156489135873757,-41.43543302965167,-12.391974778854284,231 days 00:00:00,37 days 00:00:00,9,33.33333333333333,48.528222366603345,-12.364820519899355,2.8372930949966735,65 days 00:00:00,23 days 00:00:00,1.8720685020917667,4.56771563938539,0.409511353318874,0.10641879538209525,MyStrategy,"                  Equity  DrawdownPct DrawdownDuration
Date                                                  
2024-01-16  10000.000000     0.000000              NaT
2024-01-17  10000.000000     0.000000              NaT
2024-01-18   9331.749725     0.066825              NaT
2024-01-19   9331.749725     0.066825              NaT
2024-01-22   9331.749725     0.066825              NaT
...                  ...          ...              ...
2025-02-21  12884.293503     0.306866              NaT
2025-02-24  12884.293503     0.306866              NaT
2025-02-25  12884.293503     0.306866              NaT
2025-02-26  12884.293503     0.306866              NaT
2025-02-27  12884.293503     0.306866          83 days

[281 rows x 3 columns]","   Size  EntryBar  ExitBar  EntryPrice   ExitPrice  ...   ExitTime Duration   Tag  Entry_get_signal Exit_get_signal
0    75         2        3  133.250000  124.339996  ... 2024-01-19   1 days  None                 0               0
1    66        19       21  141.100006  151.830002  ... 2024-02-14   2 days  None                 1               1
2    59        22       63  168.789993  223.000000  ... 2024-04-16  61 days  None                 1               0
3    56        92      111  235.449997  217.000000  ... 2024-06-25  28 days  None                 1               1
4    55       112      113  220.000000  217.600006  ... 2024-06-27   1 days  None                 0               0
5    49       125      138  243.190002  213.119995  ... 2024-08-02  17 days  None                 1               0
6    54       189      235  195.679993  290.640015  ... 2024-12-19  65 days  None                 1               0
7    52       254      270  298.519989  264.390015  ... 2025-02-12  22 days  None                 1               0
8    48       272      274  288.019989  265.760010  ... 2025-02-19   5 days  None                 1               0

[9 rows x 15 columns]"
grid,8,AdaBoost,0.8042704626334519,"[[113  18]
 [ 37 113]]",2024-01-16 00:00:00,2025-02-27 00:00:00,408 days 00:00:00,49.46619217081851,14327.371704101562,20175.039428710938,43.27371704101562,55.639369224386705,38.054223604091455,90.48419218060765,24.869334418737598,0.4205621190509688,1.0354621851947838,1.1517543569761826,14.931093415928885,0.5093987228860276,-33.040225438346994,-12.221984323236994,339 days 00:00:00,74 days 00:00:00,8,25.0,61.13881131838519,-9.126715176606071,4.594263603509474,63 days 00:00:00,25 days 00:00:00,2.5114037428755895,6.782017870126519,0.5375874561529679,0.1080571154321451,MyStrategy,"                  Equity  DrawdownPct DrawdownDuration
Date                                                  
2024-01-16  10000.000000     0.000000              NaT
2024-01-17  10000.000000     0.000000              NaT
2024-01-18  10000.000000     0.000000              NaT
2024-01-19  10000.000000     0.000000              NaT
2024-01-22  10000.000000     0.000000              NaT
...                  ...          ...              ...
2025-02-21  14327.371704     0.289847              NaT
2025-02-24  14327.371704     0.289847              NaT
2025-02-25  14327.371704     0.289847              NaT
2025-02-26  14327.371704     0.289847              NaT
2025-02-27  14327.371704     0.289847         339 days

[281 rows x 3 columns]","   Size  EntryBar  ExitBar  EntryPrice   ExitPrice  ...   ExitTime Duration   Tag  Entry_get_signal Exit_get_signal
0    72        20       63  138.389999  223.000000  ... 2024-04-16  63 days  None                 1               0
1    72        91      110  221.000000  217.220001  ... 2024-06-24  31 days  None                 1               0
2    65       125      137  243.190002  226.600006  ... 2024-08-01  16 days  None                 1               0
3    75       189      202  195.679993  180.000000  ... 2024-11-01  17 days  None                 1               0
4    55       206      232  245.630005  316.899994  ... 2024-12-16  39 days  None                 1               1
5    54       233      235  319.829987  290.640015  ... 2024-12-19   2 days  None                 1               0
6    53       254      269  298.519989  277.549988  ... 2025-02-11  21 days  None                 1               0
7    51       272      273  288.019989  278.799988  ... 2025-02-18   4 days  None                 0               0

[8 rows x 15 columns]"
grid,9,SGD Classifier,0.7793594306049823,"[[116  15]
 [ 47 103]]",2024-01-16 00:00:00,2025-02-27 00:00:00,408 days 00:00:00,44.83985765124555,12604.520980834957,16544.279891967773,26.045209808349572,55.639369224386705,23.069869604377445,74.3656503537806,15.369178882299938,0.31022211860754095,0.666144863147453,0.7753167176882351,1.5329823753967737,0.44055545155621756,-29.755413598155044,-9.94000793057071,339 days 00:00:00,62 days 00:00:00,8,25.0,45.09746632132268,-7.967087551828267,2.9306661314302485,50 days 00:00:00,22 days 00:00:00,2.1085714312972135,4.167962436238564,0.4716379107237495,0.09855827014650215,MyStrategy,"                  Equity  DrawdownPct DrawdownDuration
Date                                                  
2024-01-16  10000.000000     0.000000              NaT
2024-01-17  10000.000000     0.000000              NaT
2024-01-18  10000.000000     0.000000              NaT
2024-01-19  10000.000000     0.000000              NaT
2024-01-22  10000.000000     0.000000              NaT
...                  ...          ...              ...
2025-02-21  12604.520981     0.238134              NaT
2025-02-24  12604.520981     0.238134              NaT
2025-02-25  12604.520981     0.238134              NaT
2025-02-26  12604.520981     0.238134              NaT
2025-02-27  12604.520981     0.238134         339 days

[281 rows x 3 columns]","   Size  EntryBar  ExitBar  EntryPrice   ExitPrice  ...   ExitTime Duration   Tag  Entry_get_signal Exit_get_signal
0    59        22       56  168.789993  244.910004  ... 2024-04-05  50 days  None                 1               0
1    55        61       62  259.420013  247.940002  ... 2024-04-15   3 days  None                 0               0
2    58        92      109  235.449997  227.000000  ... 2024-06-21  24 days  None                 1               0
3    54       126      136  245.899994  233.000000  ... 2024-07-31  14 days  None                 1               0
4    64       189      203  195.679993  180.089996  ... 2024-11-04  20 days  None                 1               0
5    47       206      235  245.630005  290.640015  ... 2024-12-19  42 days  None                 1               0
6    47       255      267  290.459991  274.049988  ... 2025-02-07  16 days  None                 1               0
7    45       272      273  288.019989  278.799988  ... 2025-02-18   4 days  None                 0               0

[8 rows x 15 columns]"
grid,10,MLP,0.7864768683274022,"[[107  24]
 [ 36 114]]",2024-01-16 00:00:00,2025-02-27 00:00:00,408 days 00:00:00,50.88967971530249,13365.981216430662,18399.790756225586,33.65981216430662,55.639369224386705,29.717090894094223,95.20652165471299,19.625578836735748,0.3121329335176184,0.7823926599136846,0.7170956518430953,0.5247313235694406,0.595533006621759,-41.44090236457952,-12.843822414689408,231 days 00:00:00,37 days 00:00:00,5,40.0,36.00266498566291,-13.330622038606544,6.035265629749675,66 days 00:00:00,40 days 00:00:00,2.4527590245787128,8.069379829632348,0.5858106299032468,0.19422182209232014,MyStrategy,"                  Equity  DrawdownPct DrawdownDuration
Date                                                  
2024-01-16  10000.000000      0.00000              NaT
2024-01-17  10000.000000      0.00000              NaT
2024-01-18  10000.000000      0.00000              NaT
2024-01-19  10000.000000      0.00000              NaT
2024-01-22  10000.000000      0.00000              NaT
...                  ...          ...              ...
2025-02-21  13365.981216      0.27358              NaT
2025-02-24  13365.981216      0.27358              NaT
2025-02-25  13365.981216      0.27358              NaT
2025-02-26  13365.981216      0.27358              NaT
2025-02-27  13365.981216      0.27358          83 days

[281 rows x 3 columns]","   Size  EntryBar  ExitBar  EntryPrice   ExitPrice  ...   ExitTime Duration   Tag  Entry_get_signal Exit_get_signal
0    59        22       63  168.789993  223.000000  ... 2024-04-16  61 days  None                 1               0
1    56        92      111  235.449997  217.000000  ... 2024-06-25  28 days  None                 1               0
2    49       126      138  245.899994  213.119995  ... 2024-08-02  16 days  None                 1               0
3    53       189      236  195.679993  266.130005  ... 2024-12-20  66 days  None                 1               0
4    47       254      273  298.519989  278.799988  ... 2025-02-18  28 days  None                 1               0

[5 rows x 15 columns]"
grid,11,LGBMClassifier,0.797153024911032,"[[107  24]
 [ 33 117]]",2024-01-16 00:00:00,2025-02-27 00:00:00,408 days 00:00:00,53.02491103202846,14059.113754272461,20287.860061645508,40.59113754272461,55.639369224386705,35.733880003053706,102.79336020743708,23.42007030972062,0.3476282897158212,0.9277688114519616,0.7726099893206771,5.788802262202786,0.6254983793969393,-46.25086459789755,-15.684922487136483,256 days 00:00:00,53 days 00:00:00,8,25.0,58.04393363129965,-13.330622038606544,4.345460281984503,65 days 00:00:00,26 days 00:00:00,2.1848885147980273,7.22440314368008,0.44506335379617956,0.08952104696000726,MyStrategy,"                  Equity  DrawdownPct DrawdownDuration
Date                                                  
2024-01-16  10000.000000     0.000000              NaT
2024-01-17  10000.000000     0.000000              NaT
2024-01-18  10000.000000     0.000000              NaT
2024-01-19  10000.000000     0.000000              NaT
2024-01-22  10000.000000     0.000000              NaT
...                  ...          ...              ...
2025-02-21  14059.113754     0.307018              NaT
2025-02-24  14059.113754     0.307018              NaT
2025-02-25  14059.113754     0.307018              NaT
2025-02-26  14059.113754     0.307018              NaT
2025-02-27  14059.113754     0.307018          83 days

[281 rows x 3 columns]","   Size  EntryBar  ExitBar  EntryPrice   ExitPrice  ...   ExitTime Duration   Tag  Entry_get_signal Exit_get_signal
0    70        19       63  141.100006  223.000000  ... 2024-04-16  64 days  None                 1               0
1    67        90       91  233.809998  221.000000  ... 2024-05-24   1 days  None                 0               1
2    63        92      111  235.449997  217.000000  ... 2024-06-25  28 days  None                 1               0
3    55       126      138  245.899994  213.119995  ... 2024-08-02  16 days  None                 1               0
4    64       178      179  184.190002  178.720001  ... 2024-10-01   1 days  None                 0               0
5    59       189      235  195.679993  290.640015  ... 2024-12-19  65 days  None                 1               0
6    57       254      270  298.519989  264.390015  ... 2025-02-12  22 days  None                 1               0
7    52       272      274  288.019989  265.760010  ... 2025-02-19   5 days  None                 1               0

[8 rows x 15 columns]"
random,0,Logistic Regression,0.7722419928825622,"[[110  21]
 [ 43 107]]",2024-01-16 00:00:00,2025-02-27 00:00:00,408 days 00:00:00,48.754448398576514,13076.753280639647,17962.33103942871,30.767532806396463,55.639369224386705,27.19698158633861,80.95724756855117,18.020062175976403,0.3359425178494286,0.7587386034699455,0.734407551359739,2.588722072442849,0.5064545325866645,-37.032546214951104,-12.21228122672254,231 days 00:00:00,37 days 00:00:00,9,33.33333333333333,49.80745936857958,-11.433061644549126,3.0161410444288217,53 days 00:00:00,21 days 00:00:00,2.059704480987313,4.398982470564337,0.4822581471761048,0.12294594456553726,MyStrategy,"                  Equity  DrawdownPct DrawdownDuration
Date                                                  
2024-01-16  10000.000000      0.00000              NaT
2024-01-17  10000.000000      0.00000              NaT
2024-01-18  10000.000000      0.00000              NaT
2024-01-19  10000.000000      0.00000              NaT
2024-01-22  10000.000000      0.00000              NaT
...                  ...          ...              ...
2025-02-21  13076.753281      0.27199              NaT
2025-02-24  13076.753281      0.27199              NaT
2025-02-25  13076.753281      0.27199              NaT
2025-02-26  13076.753281      0.27199              NaT
2025-02-27  13076.753281      0.27199          83 days

[281 rows x 3 columns]","   Size  EntryBar  ExitBar  EntryPrice   ExitPrice  ...   ExitTime Duration   Tag  Entry_get_signal Exit_get_signal
0    59        22       57  168.789993  252.860001  ... 2024-04-08  53 days  None                 1               1
1    59        58       59  253.229996  238.240005  ... 2024-04-10   1 days  None                 0               1
2    56        60       62  250.990005  247.940002  ... 2024-04-15   4 days  None                 1               0
3    59        92      110  235.449997  217.220001  ... 2024-06-24  27 days  None                 1               0
4    52       126      137  245.899994  226.600006  ... 2024-08-01  15 days  None                 1               0
5    58       190      205  203.529999  221.479996  ... 2024-11-06  21 days  None                 1               1
6    52       206      235  245.630005  290.640015  ... 2024-12-19  42 days  None                 1               0
7    50       254      270  298.519989  264.390015  ... 2025-02-12  22 days  None                 1               0
8    46       272      273  288.019989  278.799988  ... 2025-02-18   4 days  None                 0               0

[9 rows x 15 columns]"
random,1,Random Forest,0.797153024911032,"[[108  23]
 [ 34 116]]",2024-01-16 00:00:00,2025-02-27 00:00:00,408 days 00:00:00,52.313167259786475,13602.53297424316,20175.039428710938,36.02532974243161,55.639369224386705,31.774035120436352,89.74686589714628,20.928834906395032,0.35404060969494744,0.8388433045313352,0.7296048205221252,4.579967995616169,0.5651638791949668,-43.54965075161918,-14.323869385891433,339 days 00:00:00,74 days 00:00:00,8,37.5,60.44511472318237,-13.330622038606544,3.9280142326983514,64 days 00:00:00,25 days 00:00:00,2.1237460601975764,6.08201206841721,0.457424398041518,0.13226750009166446,MyStrategy,"                  Equity  DrawdownPct DrawdownDuration
Date                                                  
2024-01-16  10000.000000     0.000000              NaT
2024-01-17  10000.000000     0.000000              NaT
2024-01-18  10000.000000     0.000000              NaT
2024-01-19  10000.000000     0.000000              NaT
2024-01-22  10000.000000     0.000000              NaT
...                  ...          ...              ...
2025-02-21  13602.532974     0.325774              NaT
2025-02-24  13602.532974     0.325774              NaT
2025-02-25  13602.532974     0.325774              NaT
2025-02-26  13602.532974     0.325774              NaT
2025-02-27  13602.532974     0.325774         339 days

[281 rows x 3 columns]","   Size  EntryBar  ExitBar  EntryPrice   ExitPrice  ...   ExitTime Duration   Tag  Entry_get_signal Exit_get_signal
0    72        20       64  138.389999  222.039993  ... 2024-04-17  64 days  None                 1               0
1    68        92      111  235.449997  217.000000  ... 2024-06-25  28 days  None                 1               0
2    60       126      138  245.899994  213.119995  ... 2024-08-02  16 days  None                 1               0
3    69       178      179  184.190002  178.720001  ... 2024-10-01   1 days  None                 0               0
4    63       189      205  195.679993  221.479996  ... 2024-11-06  22 days  None                 1               1
5    57       206      235  245.630005  290.640015  ... 2024-12-19  42 days  None                 1               0
6    55       254      270  298.519989  264.390015  ... 2025-02-12  22 days  None                 1               0
7    51       272      274  288.019989  265.760010  ... 2025-02-19   5 days  None                 1               0

[8 rows x 15 columns]"
random,2,XGBoost,0.8078291814946619,"[[112  19]
 [ 35 115]]",2024-01-16 00:00:00,2025-02-27 00:00:00,408 days 00:00:00,50.177935943060504,11994.340911865233,18312.199325561523,19.943409118652326,55.639369224386705,17.713371933649125,74.84760611415882,11.886975450980607,0.2366591645781215,0.4773912945554591,0.43959838701724746,-7.497149313960417,0.4931860086685807,-40.29444251112356,-13.634340175548493,339 days 00:00:00,74 days 00:00:00,7,28.57142857142857,47.4214576379419,-13.330622038606544,2.6622503123583163,65 days 00:00:00,28 days 00:00:00,1.8493135737889703,4.313474996148243,0.33275605052213003,0.0855516530955727,MyStrategy,"                  Equity  DrawdownPct DrawdownDuration
Date                                                  
2024-01-16  10000.000000     0.000000              NaT
2024-01-17  10000.000000     0.000000              NaT
2024-01-18  10000.000000     0.000000              NaT
2024-01-19  10000.000000     0.000000              NaT
2024-01-22  10000.000000     0.000000              NaT
...                  ...          ...              ...
2025-02-21  11994.340912     0.345008              NaT
2025-02-24  11994.340912     0.345008              NaT
2025-02-25  11994.340912     0.345008              NaT
2025-02-26  11994.340912     0.345008              NaT
2025-02-27  11994.340912     0.345008         339 days

[281 rows x 3 columns]","   Size  EntryBar  ExitBar  EntryPrice   ExitPrice  ...   ExitTime Duration   Tag  Entry_get_signal Exit_get_signal
0    65        21       66  151.830002  223.830002  ... 2024-04-19  65 days  None                 1               0
1    62        92      112  235.449997  220.000000  ... 2024-06-26  29 days  None                 1               0
2    55       126      138  245.899994  213.119995  ... 2024-08-02  16 days  None                 1               0
3    60       189      202  195.679993  180.000000  ... 2024-11-01  17 days  None                 1               0
4    44       206      235  245.630005  290.640015  ... 2024-12-19  42 days  None                 1               0
5    44       255      269  290.459991  277.549988  ... 2025-02-11  20 days  None                 1               0
6    43       272      273  288.019989  278.799988  ... 2025-02-18   4 days  None                 0               0

[7 rows x 15 columns]"
random,3,SVM,0.7722419928825622,"[[109  22]
 [ 42 108]]",2024-01-16 00:00:00,2025-02-27 00:00:00,408 days 00:00:00,49.46619217081851,11262.202041625977,16895.600509643555,12.622020416259765,55.639369224386705,11.24887841778397,71.06832570439775,7.61801770612176,0.158282586599446,0.30998928491263605,0.276504848303617,-15.826869852068118,0.5113086410738594,-40.682391237610794,-14.996060018673177,256 days 00:00:00,53 days 00:00:00,9,33.33333333333333,49.80745936857958,-13.330622038606544,1.3198336105897157,53 days 00:00:00,22 days 00:00:00,1.5632418983131673,2.681167534449511,0.20548685885071474,0.06067756635185956,MyStrategy,"                  Equity  DrawdownPct DrawdownDuration
Date                                                  
2024-01-16  10000.000000     0.000000              NaT
2024-01-17  10000.000000     0.000000              NaT
2024-01-18  10000.000000     0.000000              NaT
2024-01-19  10000.000000     0.000000              NaT
2024-01-22  10000.000000     0.000000              NaT
...                  ...          ...              ...
2025-02-21  11262.202042     0.333424              NaT
2025-02-24  11262.202042     0.333424              NaT
2025-02-25  11262.202042     0.333424              NaT
2025-02-26  11262.202042     0.333424              NaT
2025-02-27  11262.202042     0.333424          83 days

[281 rows x 3 columns]","   Size  EntryBar  ExitBar  EntryPrice   ExitPrice  ...   ExitTime Duration   Tag  Entry_get_signal Exit_get_signal
0    59        22       57  168.789993  252.860001  ... 2024-04-08  53 days  None                 1               1
1    59        58       59  253.229996  238.240005  ... 2024-04-10   1 days  None                 0               1
2    56        60       62  250.990005  247.940002  ... 2024-04-15   4 days  None                 1               0
3    59        92      110  235.449997  217.220001  ... 2024-06-24  27 days  None                 1               0
4    52       126      138  245.899994  213.119995  ... 2024-08-02  16 days  None                 1               0
5    54       190      205  203.529999  221.479996  ... 2024-11-06  21 days  None                 1               1
6    49       206      236  245.630005  266.130005  ... 2024-12-20  43 days  None                 1               0
7    43       254      270  298.519989  264.390015  ... 2025-02-12  22 days  None                 1               0
8    40       272      273  288.019989  278.799988  ... 2025-02-18   4 days  None                 0               0

[9 rows x 15 columns]"
random,4,Naive Bayes,0.8042704626334519,"[[114  17]
 [ 38 112]]",2024-01-16 00:00:00,2025-02-27 00:00:00,408 days 00:00:00,49.46619217081851,14214.969009399421,19702.698974609375,42.14969009399422,55.639369224386705,37.08252763264339,91.15041272540705,24.26335257058243,0.40682786313162894,0.9878889853083499,1.0919205167546877,13.273020309411901,0.5189970732437004,-33.9608305399892,-11.085491817352972,339 days 00:00:00,62 days 00:00:00,10,30.0,75.71934210938961,-10.946636665300847,3.5903149133811985,63 days 00:00:00,19 days 00:00:00,2.338838849746092,5.998926522602562,0.4556921393935277,0.11223497391457365,MyStrategy,"                  Equity  DrawdownPct DrawdownDuration
Date                                                  
2024-01-16  10000.000000     0.000000              NaT
2024-01-17  10000.000000     0.000000              NaT
2024-01-18  10000.000000     0.000000              NaT
2024-01-19  10000.000000     0.000000              NaT
2024-01-22  10000.000000     0.000000              NaT
...                  ...          ...              ...
2025-02-21  14214.969009     0.278527              NaT
2025-02-24  14214.969009     0.278527              NaT
2025-02-25  14214.969009     0.278527              NaT
2025-02-26  14214.969009     0.278527              NaT
2025-02-27  14214.969009     0.278527         339 days

[281 rows x 3 columns]","   Size  EntryBar  ExitBar  EntryPrice   ExitPrice  ...   ExitTime Duration   Tag  Entry_get_signal Exit_get_signal
0    70        19       62  141.100006  247.940002  ... 2024-04-15  63 days  None                 1               0
1    74        90      109  233.809998  227.000000  ... 2024-06-21  29 days  None                 1               0
2    69       125      133  243.190002  243.339996  ... 2024-07-26  10 days  None                 1               1
3    67       134      135  251.550003  235.619995  ... 2024-07-30   1 days  None                 0               0
4    86       177      180  183.070007  163.029999  ... 2024-10-02   5 days  None                 1               0
5    72       189      202  195.679993  180.000000  ... 2024-11-01  17 days  None                 1               0
6    53       206      232  245.630005  316.899994  ... 2024-12-16  39 days  None                 1               1
7    52       233      235  319.829987  290.640015  ... 2024-12-19   2 days  None                 1               0
8    52       253      266  292.000000  279.519989  ... 2025-02-06  20 days  None                 1               0
9    50       272      273  288.019989  278.799988  ... 2025-02-18   4 days  None                 0               0

[10 rows x 15 columns]"
random,5,Gradient Boosting,0.7829181494661922,"[[107  24]
 [ 37 113]]",2024-01-16 00:00:00,2025-02-27 00:00:00,408 days 00:00:00,51.60142348754449,15251.253555297852,22026.849533081055,52.51253555297851,55.639369224386705,46.01177739291189,109.44708268656814,29.78309551371485,0.4204020451114196,1.2204541886674847,1.106159449849656,18.17928544065483,0.6170675654833886,-41.595971900041704,-13.216169821812379,231 days 00:00:00,37 days 00:00:00,8,25.0,72.95533857532013,-13.330622038606544,5.429936176138228,65 days 00:00:00,25 days 00:00:00,2.4686871306839326,9.034222093568307,0.4919713026859067,0.09883231339007151,MyStrategy,"                  Equity  DrawdownPct DrawdownDuration
Date                                                  
2024-01-16  10000.000000     0.000000              NaT
2024-01-17  10000.000000     0.000000              NaT
2024-01-18  10000.000000     0.000000              NaT
2024-01-19  10000.000000     0.000000              NaT
2024-01-22  10000.000000     0.000000              NaT
...                  ...          ...              ...
2025-02-21  15251.253555     0.307606              NaT
2025-02-24  15251.253555     0.307606              NaT
2025-02-25  15251.253555     0.307606              NaT
2025-02-26  15251.253555     0.307606              NaT
2025-02-27  15251.253555     0.307606          83 days

[281 rows x 3 columns]","   Size  EntryBar  ExitBar  EntryPrice   ExitPrice  ...   ExitTime Duration   Tag  Entry_get_signal Exit_get_signal
0    70        19       54  141.100006  244.039993  ... 2024-04-03  51 days  None                 1               0
1    67        58       63  253.229996  223.000000  ... 2024-04-16   7 days  None                 1               0
2    68        91      111  221.000000  217.000000  ... 2024-06-25  32 days  None                 1               0
3    60       126      138  245.899994  213.119995  ... 2024-08-02  16 days  None                 1               0
4    70       178      179  184.190002  178.720001  ... 2024-10-01   1 days  None                 0               0
5    64       189      235  195.679993  290.640015  ... 2024-12-19  65 days  None                 1               0
6    62       254      270  298.519989  264.390015  ... 2025-02-12  22 days  None                 1               0
7    57       272      274  288.019989  265.760010  ... 2025-02-19   5 days  None                 1               0

[8 rows x 15 columns]"
random,6,K-Nearest Neighbors,0.7793594306049823,"[[104  27]
 [ 35 115]]",2024-01-16 00:00:00,2025-02-27 00:00:00,408 days 00:00:00,53.02491103202846,10434.16972351074,19702.698974609375,4.341697235107404,55.639369224386705,3.885034714271507,69.7186326933624,2.6598122417883285,0.05572448231104486,0.10022712248036253,0.08117070296142422,-25.63473767711514,0.5387630257153219,-47.86252394682157,-13.4024407184917,339 days 00:00:00,62 days 00:00:00,7,28.57142857142857,57.36356036954169,-19.89146181474095,0.6089103401632601,65 days 00:00:00,30 days 00:00:00,1.4707691335713566,2.773150957258216,0.06211095580841804,0.020430001769019435,MyStrategy,"                  Equity  DrawdownPct DrawdownDuration
Date                                                  
2024-01-16  10000.000000     0.000000              NaT
2024-01-17  10000.000000     0.000000              NaT
2024-01-18  10000.000000     0.000000              NaT
2024-01-19  10000.000000     0.000000              NaT
2024-01-22  10000.000000     0.000000              NaT
...                  ...          ...              ...
2025-02-21  10272.489960     0.478625              NaT
2025-02-24  10434.169724     0.470419              NaT
2025-02-25  10434.169724     0.470419              NaT
2025-02-26  10434.169724     0.470419              NaT
2025-02-27  10434.169724     0.470419         339 days

[281 rows x 3 columns]","   Size  EntryBar  ExitBar  EntryPrice   ExitPrice  ...   ExitTime Duration   Tag  Entry_get_signal Exit_get_signal
0    70        19       64  141.100006  222.039993  ... 2024-04-17  65 days  None                 1               0
1    70        91      110  221.000000  217.220001  ... 2024-06-24  31 days  None                 1               0
2    62       126      137  245.899994  226.600006  ... 2024-08-01  15 days  None                 1               0
3    77       178      179  184.190002  178.720001  ... 2024-10-01   1 days  None                 0               0
4    67       190      204  203.529999  185.589996  ... 2024-11-05  20 days  None                 1               0
5    48       207      236  257.670013  266.130005  ... 2024-12-20  42 days  None                 1               0
6    43       254      277  298.519989  239.139999  ... 2025-02-24  34 days  None                 1               0

[7 rows x 15 columns]"
random,7,Decision Tree,0.7864768683274022,"[[110  21]
 [ 39 111]]",2024-01-16 00:00:00,2025-02-27 00:00:00,408 days 00:00:00,50.5338078291815,12249.940719604492,16746.751754760746,22.49940719604492,55.639369224386705,19.96051144219941,77.09023604464156,13.353699295369914,0.25892398916304576,0.5547304102163552,0.5849448633050921,-6.34531306059808,0.5184228480433667,-34.1237485690827,-13.55460765998687,254 days 00:00:00,53 days 00:00:00,10,30.0,48.69957667910194,-21.705745045573465,2.032265113471121,56 days 00:00:00,19 days 00:00:00,1.7410786006953145,4.260736644347437,0.2548353907999766,0.06407774628957363,MyStrategy,"                 Equity  DrawdownPct DrawdownDuration
Date                                                 
2024-01-16  10000.00000     0.000000              NaT
2024-01-17  10000.00000     0.000000              NaT
2024-01-18  10000.00000     0.000000              NaT
2024-01-19  10000.00000     0.000000              NaT
2024-01-22  10000.00000     0.000000              NaT
...                 ...          ...              ...
2025-02-21  12249.94072     0.268518              NaT
2025-02-24  12249.94072     0.268518              NaT
2025-02-25  12249.94072     0.268518              NaT
2025-02-26  12249.94072     0.268518              NaT
2025-02-27  12249.94072     0.268518          85 days

[281 rows x 3 columns]","   Size  EntryBar  ExitBar  EntryPrice   ExitPrice  ...   ExitTime Duration   Tag  Entry_get_signal Exit_get_signal
0    59        22       60  168.789993  250.990005  ... 2024-04-11  56 days  None                 1               0
1    63        92      111  235.449997  217.000000  ... 2024-06-25  28 days  None                 1               0
2    55       126      138  245.899994  213.119995  ... 2024-08-02  16 days  None                 1               0
3    60       189      202  195.679993  180.000000  ... 2024-11-01  17 days  None                 1               1
4    60       203      204  180.089996  185.589996  ... 2024-11-05   1 days  None                 0               1
5    50       205      226  221.479996  328.559998  ... 2024-12-06  30 days  None                 1               1
6    48       227      236  339.910004  266.130005  ... 2024-12-20  11 days  None                 1               0
7    47       240      242  274.200012  262.970001  ... 2024-12-31   4 days  None                 1               0
8    43       256      272  289.739990  288.019989  ... 2025-02-14  22 days  None                 1               0
9    46       274      275  265.760010  260.660004  ... 2025-02-20   1 days  None                 0               0

[10 rows x 15 columns]"
random,8,AdaBoost,0.8042704626334519,"[[113  18]
 [ 37 113]]",2024-01-16 00:00:00,2025-02-27 00:00:00,408 days 00:00:00,49.46619217081851,14327.371704101562,20175.039428710938,43.27371704101562,55.639369224386705,38.054223604091455,90.48419218060765,24.869334418737598,0.4205621190509688,1.0354621851947838,1.1517543569761826,14.931093415928885,0.5093987228860276,-33.040225438346994,-12.221984323236994,339 days 00:00:00,74 days 00:00:00,8,25.0,61.13881131838519,-9.126715176606071,4.594263603509474,63 days 00:00:00,25 days 00:00:00,2.5114037428755895,6.782017870126519,0.5375874561529679,0.1080571154321451,MyStrategy,"                  Equity  DrawdownPct DrawdownDuration
Date                                                  
2024-01-16  10000.000000     0.000000              NaT
2024-01-17  10000.000000     0.000000              NaT
2024-01-18  10000.000000     0.000000              NaT
2024-01-19  10000.000000     0.000000              NaT
2024-01-22  10000.000000     0.000000              NaT
...                  ...          ...              ...
2025-02-21  14327.371704     0.289847              NaT
2025-02-24  14327.371704     0.289847              NaT
2025-02-25  14327.371704     0.289847              NaT
2025-02-26  14327.371704     0.289847              NaT
2025-02-27  14327.371704     0.289847         339 days

[281 rows x 3 columns]","   Size  EntryBar  ExitBar  EntryPrice   ExitPrice  ...   ExitTime Duration   Tag  Entry_get_signal Exit_get_signal
0    72        20       63  138.389999  223.000000  ... 2024-04-16  63 days  None                 1               0
1    72        91      110  221.000000  217.220001  ... 2024-06-24  31 days  None                 1               0
2    65       125      137  243.190002  226.600006  ... 2024-08-01  16 days  None                 1               0
3    75       189      202  195.679993  180.000000  ... 2024-11-01  17 days  None                 1               0
4    55       206      232  245.630005  316.899994  ... 2024-12-16  39 days  None                 1               1
5    54       233      235  319.829987  290.640015  ... 2024-12-19   2 days  None                 1               0
6    53       254      269  298.519989  277.549988  ... 2025-02-11  21 days  None                 1               0
7    51       272      273  288.019989  278.799988  ... 2025-02-18   4 days  None                 0               0

[8 rows x 15 columns]"
random,9,SGD Classifier,0.7793594306049823,"[[112  19]
 [ 43 107]]",2024-01-16 00:00:00,2025-02-27 00:00:00,408 days 00:00:00,48.04270462633452,9994.691970825199,16544.279891967773,-0.053080291748010495,55.639369224386705,-0.047603558609254915,60.98174020275962,-0.03278821380643393,-0.000780619878195944,-0.0013343703199361666,-0.0011742916554699002,-25.24730320538926,0.4528128780906207,-40.53810515259606,-11.737123189644212,339 days 00:00:00,62 days 00:00:00,9,22.22222222222222,49.80745936857958,-8.975410581003395,-0.03463422052851772,53 days 00:00:00,21 days 00:00:00,1.2392269759588974,1.2473590576017441,-0.0009044388440728972,-0.00020263453165972334,MyStrategy,"                  Equity  DrawdownPct DrawdownDuration
Date                                                  
2024-01-16  10000.000000     0.000000              NaT
2024-01-17  10000.000000     0.000000              NaT
2024-01-18  10000.000000     0.000000              NaT
2024-01-19  10000.000000     0.000000              NaT
2024-01-22  10000.000000     0.000000              NaT
...                  ...          ...              ...
2025-02-21   9994.691971     0.395882              NaT
2025-02-24   9994.691971     0.395882              NaT
2025-02-25   9994.691971     0.395882              NaT
2025-02-26   9994.691971     0.395882              NaT
2025-02-27   9994.691971     0.395882         339 days

[281 rows x 3 columns]","   Size  EntryBar  ExitBar  EntryPrice   ExitPrice  ...   ExitTime Duration   Tag  Entry_get_signal Exit_get_signal
0    59        22       57  168.789993  252.860001  ... 2024-04-08  53 days  None                 1               1
1    59        58       59  253.229996  238.240005  ... 2024-04-10   1 days  None                 0               0
2    54        61       62  259.420013  247.940002  ... 2024-04-15   3 days  None                 0               0
3    57        92      110  235.449997  217.220001  ... 2024-06-24  27 days  None                 1               0
4    50       126      137  245.899994  226.600006  ... 2024-08-01  15 days  None                 1               0
5    56       190      204  203.529999  185.589996  ... 2024-11-05  20 days  None                 1               0
6    42       206      236  245.630005  266.130005  ... 2024-12-20  43 days  None                 1               0
7    38       255      270  290.459991  264.390015  ... 2025-02-12  21 days  None                 1               0
8    35       272      273  288.019989  278.799988  ... 2025-02-18   4 days  None                 0               0

[9 rows x 15 columns]"
random,10,MLP,0.7864768683274022,"[[109  22]
 [ 38 112]]",2024-01-16 00:00:00,2025-02-27 00:00:00,408 days 00:00:00,50.177935943060504,11121.321914672848,16668.010391235348,11.213219146728479,55.639369224386705,10.000064239394412,71.96015424224228,6.7845377588848566,0.13896668711591145,0.26742102594593753,0.24116446963477606,-18.413600306017507,0.5324794271707984,-41.46574433016064,-15.096914177905935,256 days 00:00:00,53 days 00:00:00,7,42.857142857142854,32.11683682098996,-13.330622038606544,1.5101815092685822,61 days 00:00:00,28 days 00:00:00,1.5024171937305464,2.562863811270268,0.23901942049408917,0.08619114506519504,MyStrategy,"                  Equity  DrawdownPct DrawdownDuration
Date                                                  
2024-01-16  10000.000000     0.000000              NaT
2024-01-17  10000.000000     0.000000              NaT
2024-01-18  10000.000000     0.000000              NaT
2024-01-19  10000.000000     0.000000              NaT
2024-01-22  10000.000000     0.000000              NaT
...                  ...          ...              ...
2025-02-21  11121.321915     0.332774              NaT
2025-02-24  11121.321915     0.332774              NaT
2025-02-25  11121.321915     0.332774              NaT
2025-02-26  11121.321915     0.332774              NaT
2025-02-27  11121.321915     0.332774          83 days

[281 rows x 3 columns]","   Size  EntryBar  ExitBar  EntryPrice   ExitPrice  ...   ExitTime Duration   Tag  Entry_get_signal Exit_get_signal
0    59        22       63  168.789993  223.000000  ... 2024-04-16  61 days  None                 1               0
1    56        92      110  235.449997  217.220001  ... 2024-06-24  27 days  None                 1               0
2    49       126      138  245.899994  213.119995  ... 2024-08-02  16 days  None                 1               0
3    54       189      205  195.679993  221.479996  ... 2024-11-06  22 days  None                 1               1
4    48       206      236  245.630005  266.130005  ... 2024-12-20  43 days  None                 1               0
5    43       254      270  298.519989  264.390015  ... 2025-02-12  22 days  None                 1               0
6    39       272      273  288.019989  278.799988  ... 2025-02-18   4 days  None                 0               0

[7 rows x 15 columns]"
random,11,LGBMClassifier,0.797153024911032,"[[107  24]
 [ 33 117]]",2024-01-16 00:00:00,2025-02-27 00:00:00,408 days 00:00:00,53.02491103202846,14059.113754272461,20287.860061645508,40.59113754272461,55.639369224386705,35.733880003053706,102.79336020743708,23.42007030972062,0.3476282897158212,0.9277688114519616,0.7726099893206771,5.788802262202786,0.6254983793969393,-46.25086459789755,-15.684922487136483,256 days 00:00:00,53 days 00:00:00,8,25.0,58.04393363129965,-13.330622038606544,4.345460281984503,65 days 00:00:00,26 days 00:00:00,2.1848885147980273,7.22440314368008,0.44506335379617956,0.08952104696000726,MyStrategy,"                  Equity  DrawdownPct DrawdownDuration
Date                                                  
2024-01-16  10000.000000     0.000000              NaT
2024-01-17  10000.000000     0.000000              NaT
2024-01-18  10000.000000     0.000000              NaT
2024-01-19  10000.000000     0.000000              NaT
2024-01-22  10000.000000     0.000000              NaT
...                  ...          ...              ...
2025-02-21  14059.113754     0.307018              NaT
2025-02-24  14059.113754     0.307018              NaT
2025-02-25  14059.113754     0.307018              NaT
2025-02-26  14059.113754     0.307018              NaT
2025-02-27  14059.113754     0.307018          83 days

[281 rows x 3 columns]","   Size  EntryBar  ExitBar  EntryPrice   ExitPrice  ...   ExitTime Duration   Tag  Entry_get_signal Exit_get_signal
0    70        19       63  141.100006  223.000000  ... 2024-04-16  64 days  None                 1               0
1    67        90       91  233.809998  221.000000  ... 2024-05-24   1 days  None                 0               1
2    63        92      111  235.449997  217.000000  ... 2024-06-25  28 days  None                 1               0
3    55       126      138  245.899994  213.119995  ... 2024-08-02  16 days  None                 1               0
4    64       178      179  184.190002  178.720001  ... 2024-10-01   1 days  None                 0               0
5    59       189      235  195.679993  290.640015  ... 2024-12-19  65 days  None                 1               0
6    57       254      270  298.519989  264.390015  ... 2025-02-12  22 days  None                 1               0
7    52       272      274  288.019989  265.760010  ... 2025-02-19   5 days  None                 1               0

[8 rows x 15 columns]"
actual,0,Actual,,,2024-01-16 00:00:00,2025-02-27 00:00:00,408 days 00:00:00,54.804270462633454,19663.319900512695,25936.31871032715,96.63319900512695,55.639369224386705,83.37943163732334,127.18974130718654,51.83653574629277,0.655551546692329,2.3582625466247054,2.6248933588385897,63.90103028643779,0.5882915132751483,-31.764883459576197,-11.532810928495127,228 days 00:00:00,37 days 00:00:00,4,75.0,57.36356036954169,-3.7587559819217353,18.597943226807633,65 days 00:00:00,55 days 00:00:00,22.88840279740554,20.56829123736513,1.8571765130515623,0.7072502564647031,MyStrategy,"                  Equity  DrawdownPct DrawdownDuration
Date                                                  
2024-01-16  10000.000000     0.000000              NaT
2024-01-17  10000.000000     0.000000              NaT
2024-01-18  10000.000000     0.000000              NaT
2024-01-19  10000.000000     0.000000              NaT
2024-01-22  10000.000000     0.000000              NaT
...                  ...          ...              ...
2025-02-21  19663.319901     0.241862              NaT
2025-02-24  19663.319901     0.241862              NaT
2025-02-25  19663.319901     0.241862              NaT
2025-02-26  19663.319901     0.241862              NaT
2025-02-27  19663.319901     0.241862          83 days

[281 rows x 3 columns]","   Size  EntryBar  ExitBar  EntryPrice   ExitPrice  ...   ExitTime Duration   Tag  Entry_get_signal Exit_get_signal
0    70        19       64  141.100006  222.039993  ... 2024-04-17  65 days  None                 1               0
1    66        92      137  235.449997  226.600006  ... 2024-08-01  65 days  None                 1               0
2    82       177      201  183.070007  203.729996  ... 2024-10-31  34 days  None                 1               0
3    75       205      241  221.479996  259.980011  ... 2024-12-30  54 days  None                 1               0

[4 rows x 15 columns]"
